Date,0
2023-01-06,0.5606981418463631
2023-01-06,0.5501600594378893
2023-01-06,0.48398064379485956
2023-01-06,0.5903063537474624
2023-01-06,0.5102238912147826
2023-01-06,0.43589405262538483
2023-01-06,0.5210324999560931
2023-01-06,0.47491425188872316
2023-01-06,0.4460960537579505
2023-01-06,0.5470759835792105
2023-01-13,0.5461089019524669
2023-01-13,0.5635260839057773
2023-01-13,0.528946074073217
2023-01-13,0.447191174378915
2023-01-13,0.5649278869506663
2023-01-13,0.45700913489175504
2023-01-13,0.4577757837329147
2023-01-13,0.5066782021718532
2023-01-13,0.4903577136429865
2023-01-13,0.5704517059493562
2023-01-20,0.6647476574491002
2023-01-20,0.601099653459994
2023-01-20,0.5131400929569263
2023-01-20,0.5497147005867559
2023-01-20,0.5498630235947222
2023-01-20,0.5014424996697434
2023-01-20,0.5723733017116597
2023-01-20,0.502359258327543
2023-01-20,0.4385124582478048
2023-01-20,0.5592665394028348
2023-01-27,0.6855753726978799
2023-01-27,0.6155984889078012
2023-01-27,0.5341184547655077
2023-01-27,0.5544907773317949
2023-01-27,0.5445445359393298
2023-01-27,0.477771180326186
2023-01-27,0.5256918506280056
2023-01-27,0.5994448474707676
2023-01-27,0.4250469760049614
2023-01-27,0.5522240338391423
2023-02-03,0.5339456986605261
2023-02-03,0.5907776842056621
2023-02-03,0.5048702678180644
2023-02-03,0.5721901262653973
2023-02-03,0.586861580288558
2023-02-03,0.6309526485711745
2023-02-03,0.6205761503829762
2023-02-03,0.4753011596652947
2023-02-03,0.3981377540398602
2023-02-03,0.5287091109326824
2023-02-10,0.5203852306860782
2023-02-10,0.6066244857674955
2023-02-10,0.5479993248387259
2023-02-10,0.5842649058519097
2023-02-10,0.5682222744063132
2023-02-10,0.5744523424922497
2023-02-10,0.5630344070167408
2023-02-10,0.5050445844751814
2023-02-10,0.5124670869573601
2023-02-10,0.49730696147454523
2023-02-17,0.5954639501257656
2023-02-17,0.5474156724195395
2023-02-17,0.548216689576122
2023-02-17,0.5972850395502561
2023-02-17,0.5638557606624902
2023-02-17,0.5656996906096873
2023-02-17,0.5601099364667408
2023-02-17,0.5343698870831333
2023-02-17,0.4659859375343632
2023-02-17,0.5064049862412636
2023-02-24,0.6511053789002653
2023-02-24,0.593319067866843
2023-02-24,0.5998584079048592
2023-02-24,0.46161623409166225
2023-02-24,0.5262052539394418
2023-02-24,0.5471722462845721
2023-02-24,0.5744714998122405
2023-02-24,0.49306219145287633
2023-02-24,0.5148611930143283
2023-02-24,0.5049393637815925
2023-03-03,0.5348398166655678
2023-03-03,0.50779968252587
2023-03-03,0.5633662135555676
2023-03-03,0.4530122807531811
2023-03-03,0.5526532103534373
2023-03-03,0.566113579349167
2023-03-03,0.594717419291076
2023-03-03,0.5266535996600961
2023-03-03,0.49445554120338564
2023-03-03,0.5202427010480428
2023-03-10,0.5666981457525396
2023-03-10,0.5610051409764905
2023-03-10,0.6253983101231477
2023-03-10,0.4678774910509576
2023-03-10,0.5267715441576857
2023-03-10,0.5108946969055518
2023-03-10,0.5210693324553706
2023-03-10,0.5110556023752357
2023-03-10,0.508944772196937
2023-03-10,0.5031182596742997
2023-03-17,0.5814597624480113
2023-03-17,0.5141532251595164
2023-03-17,0.5461989103452429
2023-03-17,0.43318382899469543
2023-03-17,0.5383481755320557
2023-03-17,0.5160047150654655
2023-03-17,0.5696950299279673
2023-03-17,0.5037292797877861
2023-03-17,0.436774178552004
2023-03-17,0.5524332234098049
2023-03-24,0.550728029376366
2023-03-24,0.6171257396123965
2023-03-24,0.5737005139961975
2023-03-24,0.4154946200764155
2023-03-24,0.5078844461640845
2023-03-24,0.5358028199648323
2023-03-24,0.6312234307501335
2023-03-24,0.49841758937749253
2023-03-24,0.5302486549808971
2023-03-24,0.5600192329112722
2023-03-31,0.6050194138865485
2023-03-31,0.5156369122447735
2023-03-31,0.5601852745781809
2023-03-31,0.44513954463737637
2023-03-31,0.5378207166706738
2023-03-31,0.5754512527821237
2023-03-31,0.5096971784191788
2023-03-31,0.49646979148945547
2023-03-31,0.49740564534707704
2023-03-31,0.5212351041798141
2023-04-21,0.5854831605352586
2023-04-21,0.5364390596120218
2023-04-21,0.5219875219275162
2023-04-21,0.5057263221390882
2023-04-21,0.5072019973377906
2023-04-21,0.4851941445652431
2023-04-21,0.6276658562851789
2023-04-21,0.48155131344778584
2023-04-21,0.5835964757593649
2023-04-21,0.5087026313317107
2023-04-28,0.5633983592194418
2023-04-28,0.5529033714646424
2023-04-28,0.6380659951146639
2023-04-28,0.4779572794897013
2023-04-28,0.5346534933280073
2023-04-28,0.4828773815514178
2023-04-28,0.5203441911701104
2023-04-28,0.5055237576840151
2023-04-28,0.5802637865814656
2023-04-28,0.5494103633558958
2023-05-05,0.508225659683643
2023-05-05,0.506956026042437
2023-05-05,0.6093837444157401
2023-05-05,0.527620444581596
2023-05-05,0.562208509728064
2023-05-05,0.5014826673616561
2023-05-05,0.6981511594158412
2023-05-05,0.5692680019329863
2023-05-05,0.513589259762405
2023-05-05,0.5517830696937912
2023-05-12,0.5050172525557728
2023-05-12,0.5277624670579405
2023-05-12,0.6107244631136473
2023-05-12,0.5606483176030795
2023-05-12,0.6129991074305112
2023-05-12,0.5384922263821538
2023-05-12,0.7059295959493204
2023-05-12,0.49011617128114204
2023-05-12,0.4999870680980011
2023-05-12,0.5238546862806053
2023-05-19,0.49586604085398095
2023-05-19,0.5381529991203731
2023-05-19,0.5457473421369472
2023-05-19,0.4780178553091815
2023-05-19,0.5026526051741517
2023-05-19,0.5299666168204439
2023-05-19,0.5053303574543311
2023-05-19,0.47905501143694995
2023-05-19,0.5185910449280242
2023-05-19,0.503753758907244
2023-05-26,0.5102237557613359
2023-05-26,0.5513566147261082
2023-05-26,0.5344013414234882
2023-05-26,0.42145442146230067
2023-05-26,0.5146674346471469
2023-05-26,0.47792718037432713
2023-05-26,0.6130073270837654
2023-05-26,0.486643433684409
2023-05-26,0.528850984470572
2023-05-26,0.5710525478883278
2023-06-02,0.5124024203529488
2023-06-02,0.5107475101892511
2023-06-02,0.5098469279818909
2023-06-02,0.4377659627551847
2023-06-02,0.5459931790926302
2023-06-02,0.4868826218103369
2023-06-02,0.5228706477770861
2023-06-02,0.487860603528114
2023-06-02,0.523991365766475
2023-06-02,0.5119246902458522
2023-06-09,0.5679163563326095
2023-06-09,0.5146973908545364
2023-06-09,0.5762388394583335
2023-06-09,0.43093104403191806
2023-06-09,0.5486982060440219
2023-06-09,0.48172484305997565
2023-06-09,0.5132270249472453
2023-06-09,0.465979633922631
2023-06-09,0.5951488399149544
2023-06-09,0.5048055142543268
2023-06-16,0.5695146882541413
2023-06-16,0.57071483785247
2023-06-16,0.5393938191532275
2023-06-16,0.4288716627808872
2023-06-16,0.534899648903532
2023-06-16,0.5207951181948489
2023-06-16,0.5414735468713208
2023-06-16,0.5131553253035179
2023-06-16,0.6658139422556598
2023-06-16,0.5532156305828524
2023-06-23,0.5919954377619037
2023-06-23,0.5628448600235376
2023-06-23,0.5275200290178617
2023-06-23,0.5354141952392971
2023-06-23,0.5365828895122058
2023-06-23,0.4469940044450471
2023-06-23,0.516710616071911
2023-06-23,0.48277056306946153
2023-06-23,0.5680476902525184
2023-06-23,0.5665621596192849
2023-06-30,0.4972352083460861
2023-06-30,0.5049472634872654
2023-06-30,0.5560113308412094
2023-06-30,0.4966262009821632
2023-06-30,0.5315094798332672
2023-06-30,0.454010126484396
2023-06-30,0.5950827479142128
2023-06-30,0.5460354064470082
2023-06-30,0.5732529201868212
2023-06-30,0.5645585882604925
2023-07-07,0.5066067902316114
2023-07-07,0.5588011879773581
2023-07-07,0.5838163345900025
2023-07-07,0.5344709452521099
2023-07-07,0.5169536676598749
2023-07-07,0.5354743164658301
2023-07-07,0.5223499170631739
2023-07-07,0.45867934707154323
2023-07-07,0.5317346303685181
2023-07-07,0.5409301784978554
2023-07-14,0.5029882485211988
2023-07-14,0.5113390083973075
2023-07-14,0.5413048274102655
2023-07-14,0.5406705361336986
2023-07-14,0.5335663377331532
2023-07-14,0.5807229059069129
2023-07-14,0.570266847192766
2023-07-14,0.46020200424374064
2023-07-14,0.5432809222513023
2023-07-14,0.5890160833362422
2023-07-21,0.6016785146539786
2023-07-21,0.5287650842179581
2023-07-21,0.5497061321639573
2023-07-21,0.5133813240594539
2023-07-21,0.5633993622500423
2023-07-21,0.530724167908925
2023-07-21,0.5036532834759825
2023-07-21,0.4686221401939718
2023-07-21,0.5086607684649309
2023-07-21,0.5074324828668908
2023-07-28,0.6179877519886136
2023-07-28,0.5469427561920231
2023-07-28,0.6133730720698193
2023-07-28,0.5013778844597729
2023-07-28,0.5296504880620351
2023-07-28,0.5042333941988745
2023-07-28,0.4997609056885985
2023-07-28,0.5007843460594981
2023-07-28,0.5015872561407116
2023-07-28,0.5802989352393604
2023-08-04,0.5393184607168071
2023-08-04,0.5716832257099735
2023-08-04,0.5502110668850829
2023-08-04,0.4385439330104275
2023-08-04,0.5540109954694837
2023-08-04,0.50346409768116
2023-08-04,0.6699561707570122
2023-08-04,0.4921157938274739
2023-08-04,0.5007711887349181
2023-08-04,0.6260350426383816
2023-08-11,0.5221457053114119
2023-08-11,0.6079876662170929
2023-08-11,0.5521567674316047
2023-08-11,0.4237623602472469
2023-08-11,0.5796977474693629
2023-08-11,0.4779147850782551
2023-08-11,0.6474801652417917
2023-08-11,0.4922534087276245
2023-08-11,0.48258415343965166
2023-08-11,0.5541467896736918
2023-08-18,0.580897839234275
2023-08-18,0.5062651995202402
2023-08-18,0.5425902359039173
2023-08-18,0.36780962446834736
2023-08-18,0.5064569457750407
2023-08-18,0.4136289941219752
2023-08-18,0.5951906890780991
2023-08-18,0.49441814326588646
2023-08-18,0.529435193931887
2023-08-18,0.5500792382853223
2023-08-25,0.4401463852457499
2023-08-25,0.5575392315751683
2023-08-25,0.5695880315987898
2023-08-25,0.3140258055072338
2023-08-25,0.542743844768326
2023-08-25,0.49827114666530253
2023-08-25,0.6159229672405782
2023-08-25,0.5515280981285068
2023-08-25,0.528812868787024
2023-08-25,0.5211293528902314
2023-09-01,0.5527296046563895
2023-09-01,0.4772355241529308
2023-09-01,0.6049417144778259
2023-09-01,0.3106824871374758
2023-09-01,0.5284380305995057
2023-09-01,0.5167560056834384
2023-09-01,0.6036423670640848
2023-09-01,0.7125782856157132
2023-09-01,0.3725984987411599
2023-09-01,0.5020192181153738
2023-09-08,0.5366241586047489
2023-09-08,0.5679536444762924
2023-09-08,0.5739998001582378
2023-09-08,0.36404449103444236
2023-09-08,0.5219035559335901
2023-09-08,0.5265745624728686
2023-09-08,0.5751859818222861
2023-09-08,0.4637308450365736
2023-09-08,0.35541770672035033
2023-09-08,0.5782893091165825
2023-09-15,0.5170748898412194
2023-09-15,0.6052451002356536
2023-09-15,0.6222314745169942
2023-09-15,0.4020115912072006
2023-09-15,0.5338145910778336
2023-09-15,0.5410870735685913
2023-09-15,0.602892817235526
2023-09-15,0.46939899913580835
2023-09-15,0.3766413856529633
2023-09-15,0.6408231402321043
2023-09-22,0.5180807276227005
2023-09-22,0.5141982437895355
2023-09-22,0.5292681714892958
2023-09-22,0.4149864147884134
2023-09-22,0.529456832160018
2023-09-22,0.5391705420240817
2023-09-22,0.5423619520880663
2023-09-22,0.4808097669271384
2023-09-22,0.4332526226177845
2023-09-22,0.5131639319217751
2023-09-29,0.503879199537863
2023-09-29,0.5016015460744049
2023-09-29,0.5972838001471332
2023-09-29,0.4007303121022571
2023-09-29,0.5154376365591282
2023-09-29,0.45861181077959146
2023-09-29,0.5869457116177327
2023-09-29,0.4603045330106101
2023-09-29,0.4421462238239971
2023-09-29,0.521818143620923
2023-10-06,0.5123969998855576
2023-10-06,0.5642937515344163
2023-10-06,0.5849842595026213
2023-10-06,0.46975845774461844
2023-10-06,0.5168982062058673
2023-10-06,0.5553801748443105
2023-10-06,0.5331385531261787
2023-10-06,0.45795626144947976
2023-10-06,0.6168508603710227
2023-10-06,0.587414280905064
2023-10-13,0.5140651371513326
2023-10-13,0.5702637664033154
2023-10-13,0.5347969977204898
2023-10-13,0.37043122238873766
2023-10-13,0.5237487185427723
2023-10-13,0.472402116012646
2023-10-13,0.5091152845633221
2023-10-13,0.5439340727300038
2023-10-13,0.5078675132755428
2023-10-13,0.5191807965964009
2023-10-20,0.623952914088019
2023-10-20,0.5547228072383765
2023-10-20,0.5763779047910754
2023-10-20,0.4283109153284661
2023-10-20,0.5322153144164471
2023-10-20,0.4751455832325733
2023-10-20,0.5006534560923116
2023-10-20,0.4690059411819322
2023-10-20,0.5264959234963931
2023-10-20,0.520789014722964
2023-10-27,0.6172195863848045
2023-10-27,0.6066091863722636
2023-10-27,0.5522585483985393
2023-10-27,0.4015224803270358
2023-10-27,0.5382408905848208
2023-10-27,0.4750594746578861
2023-10-27,0.516902649610572
2023-10-27,0.6217445806841126
2023-10-27,0.5507629178572268
2023-10-27,0.5164441665077921
2023-11-03,0.47470305694698484
2023-11-03,0.508143237821236
2023-11-03,0.5700212616085538
2023-11-03,0.4335419402337401
2023-11-03,0.5444593262466291
2023-11-03,0.559217173428354
2023-11-03,0.5084254749094641
2023-11-03,0.48492079742540894
2023-11-03,0.5259645623654137
2023-11-03,0.5055725894531821
2023-11-10,0.5002341496032183
2023-11-10,0.6149439832269454
2023-11-10,0.6065483538784092
2023-11-10,0.41748660826544615
2023-11-10,0.5124766779610469
2023-11-10,0.4880992434500258
2023-11-10,0.5283714450444702
2023-11-10,0.5263532707438756
2023-11-10,0.48451093906996945
2023-11-10,0.5063002418545383
2023-11-17,0.42091108057829985
2023-11-17,0.5637575948752902
2023-11-17,0.5696972957375827
2023-11-17,0.40487866106955245
2023-11-17,0.5418762397664084
2023-11-17,0.4788637166007807
2023-11-17,0.5889725716636898
2023-11-17,0.5790866832834934
2023-11-17,0.5609830624291993
2023-11-17,0.6087052606191418
2023-11-24,0.5490768867853391
2023-11-24,0.5123986509825499
2023-11-24,0.5320771119495976
2023-11-24,0.5108398796168078
2023-11-24,0.50461279106529
2023-11-24,0.5830882241060197
2023-11-24,0.5305873583700136
2023-11-24,0.5582360516220572
2023-11-24,0.523557148696727
2023-11-24,0.5042529404542861
2023-12-01,0.4772632486374311
2023-12-01,0.6155025792151698
2023-12-01,0.5622178880578909
2023-12-01,0.504082989037689
2023-12-01,0.5172372395071251
2023-12-01,0.5791301951724435
2023-12-01,0.5487864200380702
2023-12-01,0.5136437272864123
2023-12-01,0.540107085146094
2023-12-01,0.5186053527906493
2023-12-08,0.46091589552532214
2023-12-08,0.5265872545761162
2023-12-08,0.5357934397910787
2023-12-08,0.5615954032853209
2023-12-08,0.5289394344067915
2023-12-08,0.5241659435252861
2023-12-08,0.5517809209737125
2023-12-08,0.4718835651410991
2023-12-08,0.5189582428206104
2023-12-08,0.5424289855220391
2023-12-15,0.5641378394651466
2023-12-15,0.5410083782973185
2023-12-15,0.5698264822755711
2023-12-15,0.4829147164420247
2023-12-15,0.5282921581131121
2023-12-15,0.534886442496601
2023-12-15,0.5232364405444307
2023-12-15,0.48935373167636814
2023-12-15,0.5288176675098828
2023-12-15,0.5744148614701213
2023-12-22,0.5041631937502157
2023-12-22,0.5823226491933738
2023-12-22,0.4993685148069005
2023-12-22,0.4724486499848337
2023-12-22,0.5095371114904447
2023-12-22,0.5831381175673367
2023-12-22,0.5009485370170552
2023-12-22,0.4599429447303379
2023-12-22,0.5233896272717962
2023-12-22,0.4883129291061159
2023-12-29,0.54356330021947
2023-12-29,0.5413889330320024
2023-12-29,0.5022759675561431
2023-12-29,0.5468329114351762
2023-12-29,0.5095472493108559
2023-12-29,0.5532897997804137
2023-12-29,0.5035146241810344
2023-12-29,0.47540172582169327
2023-12-29,0.5065868896648383
2023-12-29,0.4900238195702844
2024-01-05,0.5472824304844452
2024-01-05,0.5420911000150922
2024-01-05,0.6106250604358575
2024-01-05,0.455835668148781
2024-01-05,0.5060837403899363
2024-01-05,0.4920201198954956
2024-01-05,0.5196047485280033
2024-01-05,0.4835266448489066
2024-01-05,0.5090357578851618
2024-01-05,0.5301987807685262
2024-01-12,0.5138988018239181
2024-01-12,0.5136703322139733
2024-01-12,0.5143864805294225
2024-01-12,0.4906767972476067
2024-01-12,0.5788694994212007
2024-01-12,0.5346536939986246
2024-01-12,0.506251098576937
2024-01-12,0.49153111674318206
2024-01-12,0.5326853154087775
2024-01-12,0.5582176123722118
2024-01-19,0.5727258849811998
2024-01-19,0.5337014242793563
2024-01-19,0.5062632269241012
2024-01-19,0.4335177519040869
2024-01-19,0.5106909598776094
2024-01-19,0.5957447392619526
2024-01-19,0.5031709350999395
2024-01-19,0.4796851964400122
2024-01-19,0.5056717929159296
2024-01-19,0.5013412276092152
2024-02-02,0.5920898106448723
2024-02-02,0.5033055977094515
2024-02-02,0.5120185705917164
2024-02-02,0.4044856299211276
2024-02-02,0.5064842183308806
2024-02-02,0.5655995690748601
2024-02-02,0.5626518446754449
2024-02-02,0.4496121390497568
2024-02-02,0.5038852712965122
2024-02-02,0.5502064395669052
2024-02-09,0.642243266542204
2024-02-09,0.5847131072208663
2024-02-09,0.5250746705905829
2024-02-09,0.43624089756241047
2024-02-09,0.6151044285793368
2024-02-09,0.5851178163472053
2024-02-09,0.6241343367155142
2024-02-09,0.4566278443412446
2024-02-09,0.5009782371633014
2024-02-09,0.49610403866466407
2024-02-16,0.6614994951944403
2024-02-16,0.5634365168045705
2024-02-16,0.5007426596314709
2024-02-16,0.3626150364131777
2024-02-16,0.6125632162464959
2024-02-16,0.6076201255541794
2024-02-16,0.5235819651322768
2024-02-16,0.4769933117123877
2024-02-16,0.5887409448534091
2024-02-16,0.4944779469087733
2024-02-23,0.5670128387693032
2024-02-23,0.5460038805368487
2024-02-23,0.5603094728516662
2024-02-23,0.3649324957117382
2024-02-23,0.5480670515992818
2024-02-23,0.5950015890864006
2024-02-23,0.5641025545783894
2024-02-23,0.45018839263739546
2024-02-23,0.5778409867474376
2024-02-23,0.5555155484947562
2024-03-01,0.6123810336013739
2024-03-01,0.5521282298225161
2024-03-01,0.5936866405437694
2024-03-01,0.3893701255550781
2024-03-01,0.5321163333174901
2024-03-01,0.5336783811242594
2024-03-01,0.5709346035364098
2024-03-01,0.44411995533274534
2024-03-01,0.5108567779104969
2024-03-01,0.5284224172009458
2024-03-15,0.4735515672012474
2024-03-15,0.5592428455707049
2024-03-15,0.5508799894942508
2024-03-15,0.36943430741687877
2024-03-15,0.5967152689199788
2024-03-15,0.6563518346912112
2024-03-15,0.5184513759201027
2024-03-15,0.5778413635065115
2024-03-15,0.5707397380449974
2024-03-15,0.623481469216823
2024-03-22,0.6088596780306835
2024-03-22,0.5641175810505248
2024-03-22,0.5782506181225926
2024-03-22,0.4795437119992804
2024-03-22,0.6078156642688347
2024-03-22,0.5568602766674284
2024-03-22,0.6001428222192767
2024-03-22,0.47356815027049287
2024-03-22,0.4675969856726352
2024-03-22,0.5795659161972374
2024-04-05,0.5039915708460587
2024-04-05,0.6038763774570136
2024-04-05,0.5503267064975089
2024-04-05,0.5301348483078123
2024-04-05,0.5865118231139239
2024-04-05,0.5479247714867087
2024-04-05,0.6265180281495061
2024-04-05,0.4309806905539706
2024-04-05,0.5974959740753071
2024-04-05,0.5339560436290149
2024-04-12,0.5027574660267107
2024-04-12,0.5872292517485684
2024-04-12,0.5594694755894479
2024-04-12,0.5259281244227058
2024-04-12,0.6372274768327212
2024-04-12,0.5862939606708456
2024-04-12,0.5365035756356809
2024-04-12,0.4307669925344944
2024-04-12,0.5596591848634898
2024-04-12,0.5812084311819635
2024-04-19,0.5083465464317356
2024-04-19,0.5762334037901842
2024-04-19,0.6561873530999478
2024-04-19,0.536699889141771
2024-04-19,0.5821795575891879
2024-04-19,0.5682894454365384
2024-04-19,0.6250712285026476
2024-04-19,0.4318358337794547
2024-04-19,0.5759295263002331
2024-04-19,0.5392612841194454
2024-04-26,0.5272360297811066
2024-04-26,0.5091097286930474
2024-04-26,0.5321678316870303
2024-04-26,0.5058533674317852
2024-04-26,0.5599222770595074
2024-04-26,0.5924656569881708
2024-04-26,0.5157278710030062
2024-04-26,0.45290936470772597
2024-04-26,0.5440891191983417
2024-04-26,0.5382132545983559
2024-05-03,0.5957855302055779
2024-05-03,0.5820087076178283
2024-05-03,0.6503859933891251
2024-05-03,0.4732022393304184
2024-05-03,0.5607047053374377
2024-05-03,0.5426841104641876
2024-05-03,0.6144435003380739
2024-05-03,0.488365703608612
2024-05-03,0.4749628745193333
2024-05-03,0.5369370129019583
2024-05-10,0.5782264136719604
2024-05-10,0.6221515194349163
2024-05-10,0.6290142503734645
2024-05-10,0.4307786269956303
2024-05-10,0.5048412229323354
2024-05-10,0.5652841217030758
2024-05-10,0.5753541519730514
2024-05-10,0.4638518759532772
2024-05-10,0.4689622025261962
2024-05-10,0.5439594895206783
2024-05-17,0.6736206740817539
2024-05-17,0.6042836450940843
2024-05-17,0.6512626141772319
2024-05-17,0.43674751072304124
2024-05-17,0.5060681795820725
2024-05-17,0.6167052122278891
2024-05-17,0.5316143107857144
2024-05-17,0.5969409575030643
2024-05-17,0.48693406244232146
2024-05-17,0.5292869019740609
2024-05-24,0.6511780926382433
2024-05-24,0.5890084832340943
2024-05-24,0.6842331311330562
2024-05-24,0.4816250762565617
2024-05-24,0.5171289262866078
2024-05-24,0.6496617813730594
2024-05-24,0.5460152608197141
2024-05-24,0.5000042049794102
2024-05-24,0.5976749791115824
2024-05-24,0.5341925847398832
2024-05-31,0.5576831714866726
2024-05-31,0.6362180326735107
2024-05-31,0.504577069234098
2024-05-31,0.509756789984961
2024-05-31,0.4926311627280858
2024-05-31,0.6316951936464853
2024-05-31,0.6409982816471502
2024-05-31,0.5686227699198892
2024-05-31,0.5952930618440069
2024-05-31,0.5037045235783023
2024-06-07,0.5707114428742368
2024-06-07,0.5049184426773367
2024-06-07,0.5298128031297817
2024-06-07,0.5742450477210955
2024-06-07,0.5061519538792494
2024-06-07,0.5232541410104111
2024-06-07,0.5976499496412532
2024-06-07,0.4504225001734422
2024-06-07,0.554663682606531
2024-06-07,0.5753982412186125
2024-06-14,0.5079429426376855
2024-06-14,0.5072025851412724
2024-06-14,0.50383256912768
2024-06-14,0.512993415259929
2024-06-14,0.5027979115045705
2024-06-14,0.5227197598655151
2024-06-14,0.5039751237632671
2024-06-14,0.4608602555700831
2024-06-14,0.5069610319212594
2024-06-14,0.5195599434311784
2024-06-21,0.5976593116596179
2024-06-21,0.6116285569653275
2024-06-21,0.5857513415340102
2024-06-21,0.5643347758315281
2024-06-21,0.5995426570288652
2024-06-21,0.6921247556303586
2024-06-21,0.5455248082008695
2024-06-21,0.5755759620151711
2024-06-21,0.5918911247358967
2024-06-21,0.5568774053990636
2024-06-28,0.7054199152187203
2024-06-28,0.5937218204737423
2024-06-28,0.5480567856206451
2024-06-28,0.5056769484513057
2024-06-28,0.5962308845201111
2024-06-28,0.5794263090084426
2024-06-28,0.5030688067565741
2024-06-28,0.46110651621676324
2024-06-28,0.6405987109869985
2024-06-28,0.5751703840172154
2024-07-05,0.5641471698916111
2024-07-05,0.6203414917020426
2024-07-05,0.507828373084231
2024-07-05,0.5298047077974629
2024-07-05,0.5247671880017386
2024-07-05,0.503630918942733
2024-07-05,0.5061616132813906
2024-07-05,0.4497949179531299
2024-07-05,0.5046771054309453
2024-07-05,0.5157477812960136
2024-07-12,0.5240479272433322
2024-07-12,0.5870790734831828
2024-07-12,0.5557892195343818
2024-07-12,0.5292440905697363
2024-07-12,0.5101046874741438
2024-07-12,0.5214091654306515
2024-07-12,0.5516445049133901
2024-07-12,0.44222642945898866
2024-07-12,0.5238470270933202
2024-07-12,0.5492591053547046
2024-07-19,0.5378366529659024
2024-07-19,0.5717169250148576
2024-07-19,0.5312599322310787
2024-07-19,0.5408839429302504
2024-07-19,0.49190384620263544
2024-07-19,0.519216228820361
2024-07-19,0.6532938391684711
2024-07-19,0.43513829374775626
2024-07-19,0.566735219624943
2024-07-19,0.5050335196842319
2024-07-26,0.5292640199658897
2024-07-26,0.5384357006156338
2024-07-26,0.5008314083516019
2024-07-26,0.4581214913350816
2024-07-26,0.49967486855394067
2024-07-26,0.5447982189354766
2024-07-26,0.5265816716496495
2024-07-26,0.511371488923027
2024-07-26,0.5512962175947224
2024-07-26,0.49756450655463846
2024-08-02,0.547412080663801
2024-08-02,0.5411453908796336
2024-08-02,0.5391494830225618
2024-08-02,0.5626777182216973
2024-08-02,0.5124932683036867
2024-08-02,0.5514866108578051
2024-08-02,0.5487884172558785
2024-08-02,0.5061843253434898
2024-08-02,0.4788661425175166
2024-08-02,0.5327642503825691
2024-08-09,0.5473477480550001
2024-08-09,0.584713982245924
2024-08-09,0.583809806756337
2024-08-09,0.6146974136427434
2024-08-09,0.5014204580845393
2024-08-09,0.48543216442768206
2024-08-09,0.5529669133244869
2024-08-09,0.46576133176830004
2024-08-09,0.5533408101126366
2024-08-09,0.559622661247278
2024-08-16,0.5317458525929661
2024-08-16,0.5946032014435754
2024-08-16,0.5037220359332509
2024-08-16,0.5880954182233397
2024-08-16,0.5349054446394552
2024-08-16,0.4767983364080234
2024-08-16,0.5076705519587851
2024-08-16,0.5508981469798737
2024-08-16,0.4916556189031161
2024-08-16,0.531356988689871
2024-08-23,0.5810645575968992
2024-08-23,0.6063524160502881
2024-08-23,0.5725282331203975
2024-08-23,0.5882896003577157
2024-08-23,0.5068361290486658
2024-08-23,0.5448020899454561
2024-08-23,0.5820464802121591
2024-08-23,0.5819749482816274
2024-08-23,0.49102408100141576
2024-08-23,0.5240628833225681
2024-08-30,0.6124334224626132
2024-08-30,0.6584915259927764
2024-08-30,0.5931950182039903
2024-08-30,0.7687653606224336
2024-08-30,0.5447004187214766
2024-08-30,0.6297933096768458
2024-08-30,0.6452393262377344
2024-08-30,0.6732172060006657
2024-08-30,0.6229459570172733
2024-08-30,0.5894630895986183
2024-09-06,0.5013889399466052
2024-09-06,0.5377283355469537
2024-09-06,0.5034309314039062
2024-09-06,0.47080081957826114
2024-09-06,0.500019933093745
2024-09-06,0.5480584247730568
2024-09-06,0.5678187768548358
2024-09-06,0.4951695187876133
2024-09-06,0.519179058666389
2024-09-06,0.5402124819479218
2024-09-13,0.5020151585231973
2024-09-13,0.5080788754696838
2024-09-13,0.5067190098605744
2024-09-13,0.4640413063895564
2024-09-13,0.4940540723201971
2024-09-13,0.5215286130626295
2024-09-13,0.5358823978356074
2024-09-13,0.4979149732112792
2024-09-13,0.5369669904359764
2024-09-13,0.5443345172099928
2024-09-20,0.501535347088493
2024-09-20,0.5374404982671704
2024-09-20,0.6024376809502873
2024-09-20,0.4837122398220915
2024-09-20,0.5249945347131252
2024-09-20,0.6168360978450432
2024-09-20,0.5902221276785136
2024-09-20,0.6310926343227274
2024-09-20,0.5246264102307854
2024-09-20,0.6142158615929219
2024-09-27,0.505934154461777
2024-09-27,0.49233521988143436
2024-09-27,0.5645427654285374
2024-09-27,0.49667349385976106
2024-09-27,0.5038618094325019
2024-09-27,0.5090672366036014
2024-09-27,0.5746346144263147
2024-09-27,0.5287629280186836
2024-09-27,0.5571528376766687
2024-09-27,0.5115044620972904
2024-10-04,0.6268957202704012
2024-10-04,0.6212969766405256
2024-10-04,0.5808458801491261
2024-10-04,0.5301331508895097
2024-10-04,0.5722645810706658
2024-10-04,0.5807418719249688
2024-10-04,0.5988474093026072
2024-10-04,0.4463043953515574
2024-10-04,0.5374907063522485
2024-10-04,0.5399903459798626
2024-10-11,0.6246259801137237
2024-10-11,0.5183239251238783
2024-10-11,0.6176834322250877
2024-10-11,0.4415082383979446
2024-10-11,0.5729520038506027
2024-10-11,0.5534825705348887
2024-10-11,0.5581778097874317
2024-10-11,0.4559236665329146
2024-10-11,0.5206554120172504
2024-10-11,0.533497365284798
2024-10-18,0.6273753812509082
2024-10-18,0.5733323997899533
2024-10-18,0.5560358898644697
2024-10-18,0.4585158575022189
2024-10-18,0.5712507220066703
2024-10-18,0.5373104453298034
2024-10-18,0.5343759813680545
2024-10-18,0.5986665854745364
2024-10-18,0.6023605132388019
2024-10-18,0.5063040425028146
2024-10-25,0.5524525934672966
2024-10-25,0.6225416729518427
2024-10-25,0.6029950202876428
2024-10-25,0.5075375454521316
2024-10-25,0.5937124961358909
2024-10-25,0.5114275356712837
2024-10-25,0.5331634620054542
2024-10-25,0.47668108100473583
2024-10-25,0.6245738546316043
2024-10-25,0.512972108465412
2024-11-01,0.5780304772278538
2024-11-01,0.6090855947740844
2024-11-01,0.5816474553122151
2024-11-01,0.5932628477043367
2024-11-01,0.5305627801469109
2024-11-01,0.5670575310866662
2024-11-01,0.6180776340656845
2024-11-01,0.4314605362325348
2024-11-01,0.598436799902948
2024-11-01,0.5094285686831681
2024-11-08,0.41405283904623613
2024-11-08,0.38929734839371943
2024-11-08,0.5078368846043242
2024-11-08,0.5037357578610868
2024-11-08,0.42191559812131535
2024-11-08,0.5034010626320116
2024-11-08,0.47702129594557235
2024-11-08,0.4834972248357195
2024-11-08,0.4749810886871959
2024-11-08,0.6113374008578968
2024-11-22,0.545570974291549
2024-11-22,0.48924918208437584
2024-11-22,0.5640679649083388
2024-11-22,0.5298906688246277
2024-11-22,0.5766144281352386
2024-11-22,0.608605105265864
2024-11-22,0.5716483315901653
2024-11-22,0.44065088127364604
2024-11-22,0.49059025907853965
2024-11-22,0.5899694400107616
2024-11-29,0.635713848349251
2024-11-29,0.5608833767530812
2024-11-29,0.5682011861732901
2024-11-29,0.5010586079799272
2024-11-29,0.5155984271637123
2024-11-29,0.5978844414364551
2024-11-29,0.552302565981809
2024-11-29,0.4427184494328525
2024-11-29,0.5114598369046494
2024-11-29,0.5177040482239229
2024-12-06,0.5210740429486715
2024-12-06,0.5151063030458765
2024-12-06,0.548756493634991
2024-12-06,0.49088419447528814
2024-12-06,0.5093851828725688
2024-12-06,0.6068932552356892
2024-12-06,0.6415518095392001
2024-12-06,0.46283562051974936
2024-12-06,0.5567575003155051
2024-12-06,0.5578924369703178
2024-12-13,0.5156823044236443
2024-12-13,0.5556296988561562
2024-12-13,0.5649402955215796
2024-12-13,0.494086579080235
2024-12-13,0.569406878646301
2024-12-13,0.595278572368985
2024-12-13,0.6586721601894051
2024-12-13,0.4694670347303312
2024-12-13,0.5346135954249395
2024-12-13,0.5320742239540746
2024-12-20,0.5281806034474704
2024-12-20,0.5313709010297435
2024-12-20,0.5826187897331019
2024-12-20,0.5562750916639106
2024-12-20,0.5179777177643777
2024-12-20,0.6441336930620924
2024-12-20,0.5741107436328198
2024-12-20,0.47207739113622443
2024-12-20,0.5619657646797775
2024-12-20,0.5566830145004721
2024-12-27,0.5114715088976187
2024-12-27,0.6134087804883233
2024-12-27,0.5651657182568904
2024-12-27,0.5464040881742632
2024-12-27,0.5413070475545341
2024-12-27,0.5922659286081897
2024-12-27,0.5879347088958271
2024-12-27,0.4636999760656789
2024-12-27,0.5664491034185137
2024-12-27,0.5036316627642998
2025-01-03,0.5103816837808316
2025-01-03,0.5702584897241504
2025-01-03,0.5222260815396036
2025-01-03,0.43779956265126724
2025-01-03,0.5163481836354996
2025-01-03,0.5023528933448932
2025-01-03,0.5385296142284868
2025-01-03,0.5093062258105072
2025-01-03,0.45585420454084924
2025-01-03,0.5169395145162871
2025-01-10,0.5127732050515299
2025-01-10,0.6370967891252926
2025-01-10,0.524503420459668
2025-01-10,0.5236255906159383
2025-01-10,0.5063122242681379
2025-01-10,0.46712931176513567
2025-01-10,0.5537662125915513
2025-01-10,0.43536039618380634
2025-01-10,0.5334525193272037
2025-01-10,0.5927250098635594
2025-01-17,0.5996163629528604
2025-01-17,0.5699654005332797
2025-01-17,0.5842241811432971
2025-01-17,0.4389026966226159
2025-01-17,0.5080549303632756
2025-01-17,0.476345067217363
2025-01-17,0.5571779202834576
2025-01-17,0.4532394814486682
2025-01-17,0.5809368503658565
2025-01-17,0.528623235373247
2025-01-24,0.5044415249778458
2025-01-24,0.5336079205432871
2025-01-24,0.5279407848662312
2025-01-24,0.4022767005721742
2025-01-24,0.517717137319798
2025-01-24,0.5475428354590486
2025-01-24,0.5750145112313291
2025-01-24,0.4730486984367006
2025-01-24,0.5188277694811002
2025-01-24,0.6479314531388976
2025-01-31,0.5038871093339728
2025-01-31,0.5668456871261506
2025-01-31,0.6067977381095352
2025-01-31,0.4811284435166583
2025-01-31,0.5940559260778175
2025-01-31,0.5475264183229409
2025-01-31,0.5336591840905951
2025-01-31,0.5208694428770076
2025-01-31,0.5981503340790286
2025-01-31,0.6343936086778339
2025-02-07,0.49701830525096663
2025-02-07,0.5584464524784942
2025-02-07,0.5789120122149016
2025-02-07,0.5764781558567206
2025-02-07,0.5389894762978206
2025-02-07,0.5355940581944237
2025-02-07,0.5797617083017286
2025-02-07,0.41454331971380837
2025-02-07,0.5596697910473575
2025-02-07,0.5871759665406714
2025-02-14,0.5063340824430529
2025-02-14,0.6076556181075023
2025-02-14,0.5912740851365875
2025-02-14,0.4797747172347509
2025-02-14,0.54811826118566
2025-02-14,0.5327526406195143
2025-02-14,0.5408466646014406
2025-02-14,0.4435182925734561
2025-02-14,0.4901634419353378
2025-02-14,0.5163004699355291
2025-02-21,0.5741819192347913
2025-02-21,0.5998009648720507
2025-02-21,0.5573174933448296
2025-02-21,0.5319056567336691
2025-02-21,0.5158665974622706
2025-02-21,0.5143857156769848
2025-02-21,0.5488921240199085
2025-02-21,0.478591504964327
2025-02-21,0.5873535514349973
2025-02-21,0.5173310264551164
2025-02-28,0.5929924372556156
2025-02-28,0.5241238704816727
2025-02-28,0.6280444656135109
2025-02-28,0.5478204241936705
2025-02-28,0.5094679081584931
2025-02-28,0.48574075193152927
2025-02-28,0.5012208594939327
2025-02-28,0.48063926469540585
2025-02-28,0.45814681478565
2025-02-28,0.6009948254378379
2025-03-07,0.5849464396162622
2025-03-07,0.5597226631957507
2025-03-07,0.5437297285199396
2025-03-07,0.5223714493027803
2025-03-07,0.5131781358388897
2025-03-07,0.5513120270594312
2025-03-07,0.5484140334471785
2025-03-07,0.45678814123747363
2025-03-07,0.5444829138690828
2025-03-07,0.500412223190646
2025-03-21,0.5716530167706714
2025-03-21,0.6319039610836988
2025-03-21,0.5739244712279872
2025-03-21,0.5651857708408713
2025-03-21,0.5790892172969423
2025-03-21,0.6767226270583628
2025-03-21,0.5749789488628719
2025-03-21,0.5252549814683011
2025-03-21,0.5795209079491035
2025-03-21,0.5250407770779932
2025-03-28,0.5263202842069781
2025-03-28,0.6207805164950678
2025-03-28,0.5350333368100274
2025-03-28,0.49430991555989884
2025-03-28,0.5541350446075207
2025-03-28,0.4973779998828463
2025-03-28,0.6269233817451614
2025-03-28,0.47602846440029156
2025-03-28,0.5147940710608852
2025-03-28,0.5094734801371527
2025-04-04,0.552047244687954
2025-04-04,0.6008097912557814
2025-04-04,0.6724904055335181
2025-04-04,0.51792991712297
2025-04-04,0.601537822841826
2025-04-04,0.503135564042697
2025-04-04,0.699022093865754
2025-04-04,0.47226560515899724
2025-04-04,0.5347301014394298
2025-04-04,0.5857036486095555
2025-04-11,0.5345534152736634
2025-04-11,0.5458035837910092
2025-04-11,0.5926532615861989
2025-04-11,0.5054613378543616
2025-04-11,0.6199586646198674
2025-04-11,0.5284770136590347
2025-04-11,0.6357122173353063
2025-04-11,0.47824688721961034
2025-04-11,0.5188962629414806
2025-04-11,0.5182818754249109
2025-04-25,0.5781637493778559
2025-04-25,0.565145674111668
2025-04-25,0.5068561415141644
2025-04-25,0.5067697822500447
2025-04-25,0.5243807124047777
2025-04-25,0.5163990337538884
2025-04-25,0.5080036801641292
2025-04-25,0.6172072583551368
2025-04-25,0.5970946494232592
2025-04-25,0.5010953462505899
2025-05-02,0.5736505255679099
2025-05-02,0.5505811193581074
2025-05-02,0.5072075530568091
2025-05-02,0.545076038772201
2025-05-02,0.5564752864981205
2025-05-02,0.5060984876675988
2025-05-02,0.5538342503595168
2025-05-02,0.6241537467524514
2025-05-02,0.5342535880542882
2025-05-02,0.5087917872379237
2025-05-09,0.5367736490324742
2025-05-09,0.6086261663516962
2025-05-09,0.6764171919063855
2025-05-09,0.5657480663003582
2025-05-09,0.6525900917090977
2025-05-09,0.5673231127119214
2025-05-09,0.605360026005527
2025-05-09,0.4453010919036611
2025-05-09,0.5033972178917677
2025-05-09,0.5096601790279172
2025-05-16,0.6054155325705222
2025-05-16,0.6200203655479454
2025-05-16,0.5051534472150384
2025-05-16,0.49646980961220766
2025-05-16,0.6138046864168867
2025-05-16,0.5062025101950068
2025-05-16,0.5060533966190047
2025-05-16,0.4794256635093746
2025-05-16,0.5031416439429196
2025-05-16,0.5028444116791299
2025-05-23,0.6180662336903745
2025-05-23,0.6365379733871971
2025-05-23,0.5017923458427758
2025-05-23,0.5280341819898304
2025-05-23,0.6022158100714822
2025-05-23,0.5395661408287489
2025-05-23,0.5032122398626875
2025-05-23,0.4575551777319593
2025-05-23,0.5432840949687742
2025-05-23,0.5072883777200947
2025-05-30,0.5353522996243456
2025-05-30,0.6558820235411994
2025-05-30,0.5869541970298185
2025-05-30,0.543552204483424
2025-05-30,0.551494623717083
2025-05-30,0.6128957065717279
2025-05-30,0.6244349441657927
2025-05-30,0.5723553031634808
2025-05-30,0.580548059964916
2025-05-30,0.6097560422064398
2025-06-06,0.5678448232567993
2025-06-06,0.6506115048472519
2025-06-06,0.6426645094440503
2025-06-06,0.48520442115274304
2025-06-06,0.657230341355525
2025-06-06,0.6181022136645629
2025-06-06,0.6634804621741475
2025-06-06,0.5986510122396762
2025-06-06,0.5626315802605705
2025-06-06,0.5798019417499027
2025-06-13,0.5555632483422596
2025-06-13,0.593069601655632
2025-06-13,0.5079268640175324
2025-06-13,0.56722048559408
2025-06-13,0.5590855796398598
2025-06-13,0.5911067371123312
2025-06-13,0.5199665676617977
2025-06-13,0.5367759312541874
2025-06-13,0.579334400084845
2025-06-13,0.5652260014802057
2025-06-20,0.5419038494455423
2025-06-20,0.6322109414629754
2025-06-20,0.5033332249297342
2025-06-20,0.5990828340398744
2025-06-20,0.48919329355461694
2025-06-20,0.4955349248411274
2025-06-20,0.5030289772459229
2025-06-20,0.6033428098043647
2025-06-20,0.6378045220271671
2025-06-20,0.5178993382225074
2025-06-27,0.6164638680971724
2025-06-27,0.5339632058791238
2025-06-27,0.5526657326168393
2025-06-27,0.4979726730543306
2025-06-27,0.576380447645576
2025-06-27,0.6183751386255664
2025-06-27,0.5138629816311933
2025-06-27,0.4981078774496023
2025-06-27,0.5247408946332309
2025-06-27,0.5549801538768586
2025-07-04,0.5745430420403628
2025-07-04,0.5058012912619473
2025-07-04,0.5694057666564055
2025-07-04,0.5652422414330469
2025-07-04,0.5145688021368476
2025-07-04,0.5775481896059845
2025-07-04,0.5184808834686265
2025-07-04,0.5154500917370443
2025-07-04,0.5261544384184379
2025-07-04,0.5663602143344434
2025-07-11,0.6083219326128027
2025-07-11,0.5281021818966444
2025-07-11,0.6185662475372811
2025-07-11,0.5295456328687425
2025-07-11,0.5422679023330513
2025-07-11,0.5427648932838604
2025-07-11,0.5679647909744455
2025-07-11,0.5346321665813267
2025-07-11,0.5607406309573996
2025-07-11,0.5207876014418614
2025-07-18,0.5382530228522249
2025-07-18,0.5281849822662527
2025-07-18,0.6274006074812596
2025-07-18,0.5044025684073472
2025-07-18,0.5016700132102445
2025-07-18,0.497074514279651
2025-07-18,0.5721226051593381
2025-07-18,0.5353927822775292
2025-07-18,0.5655712809064921
2025-07-18,0.5091902298596654
2025-07-25,0.5531670546848264
2025-07-25,0.5340970381563587
2025-07-25,0.6514667286990646
2025-07-25,0.5640562094060549
2025-07-25,0.5815497590280809
2025-07-25,0.534806661660855
2025-07-25,0.5109909327324472
2025-07-25,0.581193419636936
2025-07-25,0.611110544079401
2025-07-25,0.5831868953644405
2025-08-01,0.5937695369262653
2025-08-01,0.5188573380852867
2025-08-01,0.6957403422529855
2025-08-01,0.5313509297661365
2025-08-01,0.522560621018195
2025-08-01,0.5170995133058877
2025-08-01,0.5817587023670889
2025-08-01,0.525799472551109
2025-08-01,0.5485904923775178
2025-08-01,0.6664578476187862
2025-08-08,0.5973824742802553
2025-08-08,0.7139347473178351
2025-08-08,0.6117799073125947
2025-08-08,0.5324178116247491
2025-08-08,0.5027388706431796
2025-08-08,0.5713623788057878
2025-08-08,0.6529301541789879
2025-08-08,0.46574986135731977
2025-08-08,0.6101351289701391
2025-08-08,0.5439595378116563
2025-08-22,0.529923500551202
2025-08-22,0.5902981383846234
2025-08-22,0.5637790952339198
2025-08-22,0.48171841461730963
2025-08-22,0.4870087206475344
2025-08-22,0.4775955471886313
2025-08-22,0.5690129504644914
2025-08-22,0.47565369332499796
2025-08-22,0.5514277988282614
2025-08-22,0.510149311220506
2025-08-29,0.5135958047376893
2025-08-29,0.5032206521085735
2025-08-29,0.563999400663723
2025-08-29,0.49670273441153295
2025-08-29,0.4932318502040762
2025-08-29,0.4901381907671772
2025-08-29,0.5422744378183664
2025-08-29,0.4716853318854281
2025-08-29,0.48512111679958625
2025-08-29,0.5098083626731956
2025-09-05,0.6122801422465091
2025-09-05,0.5731559045488899
2025-09-05,0.5298442972300349
2025-09-05,0.45804806392042857
2025-09-05,0.514051897802631
2025-09-05,0.4881191390304409
2025-09-05,0.5141797555848364
2025-09-05,0.4197882681806105
2025-09-05,0.5874055152561213
2025-09-05,0.5089811595623646
2025-09-12,0.542060140005577
2025-09-12,0.5324498902837074
2025-09-12,0.5553030365594271
2025-09-12,0.4176098481435758
2025-09-12,0.5632576192885934
2025-09-12,0.4739964810733727
2025-09-12,0.569733060184988
2025-09-12,0.42011711151235015
2025-09-12,0.535176133810555
2025-09-12,0.5663734309590784
2025-09-19,0.5119279777606781
2025-09-19,0.6063615739389877
2025-09-19,0.5229893780614111
2025-09-19,0.4150180066682945
2025-09-19,0.588611019742778
2025-09-19,0.46397722227776084
2025-09-19,0.5389670983166647
2025-09-19,0.428049981575826
2025-09-19,0.5221609316261903
2025-09-19,0.5491122652029837
2025-09-26,0.542547442484752
2025-09-26,0.5054319725342464
2025-09-26,0.5640572912897203
2025-09-26,0.441069333127325
2025-09-26,0.585864415662638
2025-09-26,0.4194579598774543
2025-09-26,0.5533701254880624
2025-09-26,0.4362208088906224
2025-09-26,0.5089345313846503
2025-09-26,0.5186333231645046
2025-10-03,0.5597622670085606
2025-10-03,0.5262236300763339
2025-10-03,0.5689400038266598
2025-10-03,0.4387522831966471
2025-10-03,0.5415012405172563
2025-10-03,0.45832757358383064
2025-10-03,0.5939230106035045
2025-10-03,0.4286035734439687
2025-10-03,0.5012667505091142
2025-10-03,0.5080498320630819
2025-10-10,0.5081010557998573
2025-10-10,0.5426168899188432
2025-10-10,0.5871607519653028
2025-10-10,0.522956064528226
2025-10-10,0.5289213596379986
2025-10-10,0.5327869910597645
2025-10-10,0.6196619636460016
2025-10-10,0.42072314812531314
2025-10-10,0.599508640278473
2025-10-10,0.5706356423074511
2025-10-17,0.5088700038642772
2025-10-17,0.6038944049856613
2025-10-17,0.5380144929298275
2025-10-17,0.5728550701171663
2025-10-17,0.5896434522341168
2025-10-17,0.5951111014042317
2025-10-17,0.48250152303605226
2025-10-17,0.4479172852728762
2025-10-17,0.6092620310658708
2025-10-17,0.5185242961682285
2025-10-24,0.5093763169000042
2025-10-24,0.5040759190333189
2025-10-24,0.4988701841072419
2025-10-24,0.5077703405387879
2025-10-24,0.5221176278272681
2025-10-24,0.523138021970773
2025-10-24,0.5741667990012169
2025-10-24,0.45375236963164456
2025-10-24,0.5260293454499779
2025-10-24,0.5977847399738971
2025-10-31,0.6225824012165984
2025-10-31,0.5044290023457741
2025-10-31,0.5013338386107691
2025-10-31,0.5031753818022391
2025-10-31,0.509420296012739
2025-10-31,0.5092527293883298
2025-10-31,0.5793008931288458
2025-10-31,0.47530114196510787
2025-10-31,0.5013663694402538
2025-10-31,0.5612221781000575
2025-11-07,0.5693057568494425
2025-11-07,0.5295729743512455
2025-11-07,0.5685635610392273
2025-11-07,0.5128336332183533
2025-11-07,0.5661659326201323
2025-11-07,0.5707106209875675
2025-11-07,0.5685703538452594
2025-11-07,0.4537435093243082
2025-11-07,0.5075435785256699
2025-11-07,0.5279390601434072
2025-11-14,0.5510901690835069
2025-11-14,0.5045048687615857
2025-11-14,0.5070860656948242
2025-11-14,0.5171907856753837
2025-11-14,0.5183129077486736
2025-11-14,0.5168890936019135
2025-11-14,0.5816881204195816
2025-11-14,0.45625416689398796
2025-11-14,0.5026043804723412
2025-11-14,0.5821542488799822
2025-11-21,0.5104860902556112
2025-11-21,0.5692501166555193
2025-11-21,0.5028048757604786
2025-11-21,0.5432798230673612
2025-11-21,0.520306402545015
2025-11-21,0.5278122788235412
2025-11-21,0.5253460634761764
2025-11-21,0.5538675017712714
2025-11-21,0.5066469499894328
2025-11-21,0.5445862039022884
2025-11-28,0.5602339727506256
2025-11-28,0.5591087205502616
2025-11-28,0.5037542861263997
2025-11-28,0.5614923404035311
2025-11-28,0.5728140022370625
2025-11-28,0.5840806994856378
2025-11-28,0.5828584802663139
2025-11-28,0.4495176945664451
2025-11-28,0.5025662310740499
2025-11-28,0.502426121464046
2025-12-05,0.5688086943804989
2025-12-05,0.5617610546920041
2025-12-05,0.5087197319534683
2025-12-05,0.5546960985153438
2025-12-05,0.5221252757312372
2025-12-05,0.5915376812438251
2025-12-05,0.5649173564408826
2025-12-05,0.44144944722506646
2025-12-05,0.5652382176364086
2025-12-05,0.5444627299746847
2025-12-12,0.5891398131512069
2025-12-12,0.5415523949296456
2025-12-12,0.5432635874721715
2025-12-12,0.565321944749716
2025-12-12,0.5231619521184904
2025-12-12,0.5306863024985696
2025-12-12,0.5357054472329862
2025-12-12,0.4487941133226393
2025-12-12,0.5352507651469977
2025-12-12,0.49774913438698
2025-12-19,0.5593293459786575
2025-12-19,0.6045911686476052
2025-12-19,0.5728494129327492
2025-12-19,0.4722995982548439
2025-12-19,0.5471260813048493
2025-12-19,0.5297717340119659
2025-12-19,0.5780063551526372
2025-12-19,0.45320564700767085
2025-12-19,0.6213217574404534
2025-12-19,0.55513520250481
2025-12-26,0.5236169574181648
2025-12-26,0.6105022216560667
2025-12-26,0.5917014641590643
2025-12-26,0.5484754582341222
2025-12-26,0.6416510453992618
2025-12-26,0.585003021017167
2025-12-26,0.5077782966218174
2025-12-26,0.46598794018071077
2025-12-26,0.5648739201335543
2025-12-26,0.5055125625631992
